epoch,train_loss,train_acc,val_loss,val_acc,lr
1,4.62247266723642,0.01289742051589682,4.5405233756865675,0.025502550255025503,5.386671512523905e-06
